SiteKey,WasteKey,Note
NcOrangeWRCBradshawQuarry,AutoAntifreeze,
NcOrangeWRCBradshawQuarry,AutoBicycles,
NcOrangeWRCBradshawQuarry,AutoCarBatteries,
NcOrangeWRCBradshawQuarry,AutoGasoline,"Accepts kerosene, diesel fuel, gear oil and Coleman fuel. Please bring in separate containers."
NcOrangeWRCBradshawQuarry,AutoMotorOil,This site accepts a maximum of 5 gallons of used motor oil per person. It also accepts gear oil. Please ensure used motor oil is not contaminated and is kept separate from all other liquids.
NcOrangeWRCBradshawQuarry,AutoOilFilters,
NcOrangeWRCBradshawQuarry,AutoTires,This site accepts a limit of 4 tires per day.
NcOrangeWRCBradshawQuarry,AutoTransmissionFluid,Please keep separate from all other liquids.
NcOrangeWRCBradshawQuarry,BatLeadAcidNonAuto,
NcOrangeWRCBradshawQuarry,BatMarine,
NcOrangeWRCBradshawQuarry,BatNickelCadmium,
NcOrangeWRCBradshawQuarry,ElectrAudioEquipment,
NcOrangeWRCBradshawQuarry,ElectrCables,
NcOrangeWRCBradshawQuarry,ElectrCDs,
NcOrangeWRCBradshawQuarry,ElectrCellPhoneAccessories,
NcOrangeWRCBradshawQuarry,ElectrCellPhones,
NcOrangeWRCBradshawQuarry,ElectrComputerPeripheralsExternal,
NcOrangeWRCBradshawQuarry,ElectrCRTComputerMonitors,
NcOrangeWRCBradshawQuarry,ElectrCRTTelevisions,
NcOrangeWRCBradshawQuarry,ElectrDesktopComputers,
NcOrangeWRCBradshawQuarry,ElectrDigitalCameras,
NcOrangeWRCBradshawQuarry,ElectrGameConsoles,
NcOrangeWRCBradshawQuarry,ElectrGPSSystems,
NcOrangeWRCBradshawQuarry,ElectrLaptopComputers,
NcOrangeWRCBradshawQuarry,ElectrLCDComputerMonitors,
NcOrangeWRCBradshawQuarry,ElectrLCDTelevisions,
NcOrangeWRCBradshawQuarry,ElectrMP3Players,
NcOrangeWRCBradshawQuarry,ElectrOfficeMachines,
NcOrangeWRCBradshawQuarry,ElectrPaperShredders,
NcOrangeWRCBradshawQuarry,ElectrPrinters,
NcOrangeWRCBradshawQuarry,ElectrReceivers,
NcOrangeWRCBradshawQuarry,ElectrTablets,
NcOrangeWRCBradshawQuarry,ElectrTelephones,
NcOrangeWRCBradshawQuarry,ElectrTelevisionAccessories,
NcOrangeWRCBradshawQuarry,ElectrTwoWayRadios,
NcOrangeWRCBradshawQuarry,ElectrVCRs,
NcOrangeWRCBradshawQuarry,GardenBranches,
NcOrangeWRCBradshawQuarry,GardenBrush,
NcOrangeWRCBradshawQuarry,GardenChristmasTrees,
NcOrangeWRCBradshawQuarry,GardenGrassClippings,
NcOrangeWRCBradshawQuarry,GardenLeaves,Please bring yard waste loose or in paper bags.
NcOrangeWRCBradshawQuarry,GardenWeeds,Please bring yard waste loose or in paper bags.
NcOrangeWRCBradshawQuarry,GardenWood,Please bring yard waste loose or in paper bags.
NcOrangeWRCBradshawQuarry,GardenWoodChips,Please bring yard waste loose or in paper bags.
NcOrangeWRCBradshawQuarry,GardenYardWaste,Please bring yard waste loose or in paper bags.
NcOrangeWRCBradshawQuarry,GlassBrownBeverageContainers,
NcOrangeWRCBradshawQuarry,GlassBrownContainers,
NcOrangeWRCBradshawQuarry,GlassClearBeverageContainers,
NcOrangeWRCBradshawQuarry,GlassClearContainers,
NcOrangeWRCBradshawQuarry,GlassGreenBeverageContainers,
NcOrangeWRCBradshawQuarry,GlassGreenContainers,
NcOrangeWRCBradshawQuarry,HazardAerosolCansFull,Must be empty
NcOrangeWRCBradshawQuarry,HazardAntifreeze,
NcOrangeWRCBradshawQuarry,HouseMetalClothesHangers,
NcOrangeWRCBradshawQuarry,MetalAerosolCansFull,Must be empty
NcOrangeWRCBradshawQuarry,MetalAluminumBeverageCans,
NcOrangeWRCBradshawQuarry,MetalAluminumFoil,
NcOrangeWRCBradshawQuarry,MetalAluminumFoodCans,
NcOrangeWRCBradshawQuarry,MetalFerrousMetals,
NcOrangeWRCBradshawQuarry,MetalNonferrousMetals,
NcOrangeWRCBradshawQuarry,MetalSteelCans,
NcOrangeWRCBradshawQuarry,PaperBooklets,
NcOrangeWRCBradshawQuarry,PaperCorrugatedCardboard,
NcOrangeWRCBradshawQuarry,PaperMixedPaper,
NcOrangeWRCBradshawQuarry,PaperPaperBags,
NcOrangeWRCBradshawQuarry,PaperNewspaper,
NcOrangeWRCBradshawQuarry,PaperOfficePaper,
NcOrangeWRCBradshawQuarry,PaperPaperboard,
NcOrangeWRCBradshawQuarry,PaperPaperLabels,
NcOrangeWRCBradshawQuarry,PaperPhoneBooks,
NcOrangeWRCBradshawQuarry,Plastic#1Clamshells,
NcOrangeWRCBradshawQuarry,Plastic#1NonBeverageBottles,
NcOrangeWRCBradshawQuarry,Plastic#1Rigids,
NcOrangeWRCBradshawQuarry,Plastic#1Trays,
NcOrangeWRCBradshawQuarry,Plastic#2Bottles,
NcOrangeWRCBradshawQuarry,Plastic#2Clamshells,
NcOrangeWRCBradshawQuarry,Plastic#2JugsClear,
NcOrangeWRCBradshawQuarry,Plastic#2JugsColored,
NcOrangeWRCBradshawQuarry,Plastic#2Rigids,
NcOrangeWRCBradshawQuarry,Plastic#3Bottles,
NcOrangeWRCBradshawQuarry,Plastic#4Bottles,
NcOrangeWRCBradshawQuarry,Plastic#4Rigids,
NcOrangeWRCBradshawQuarry,Plastic#5Bottles,
NcOrangeWRCBradshawQuarry,Plastic#5Caps,
NcOrangeWRCBradshawQuarry,Plastic#5Clamshells,
NcOrangeWRCBradshawQuarry,Plastic#5Cups,
NcOrangeWRCBradshawQuarry,Plastic#5Rigids,
NcOrangeWRCBradshawQuarry,Plastic#6Bottles,
NcOrangeWRCBradshawQuarry,Plastic#7Bottles,
NcOrangeWRCEubanks,Plastic#1BeverageBottles,This site accepts plastic bottles only.
NcOrangeWRCEubanks,Plastic#1Clamshells,
NcOrangeWRCEubanks,Plastic#1NonBeverageBottles,
NcOrangeWRCEubanks,Plastic#1Trays,
NcOrangeWRCEubanks,Plastic#1Rigids,
NcOrangeWRCEubanks,Plastic#2Bottles,
NcOrangeWRCEubanks,Plastic#2Clamshells,
NcOrangeWRCEubanks,Plastic#2JugsClear,This site accepts all #2 rigid plastics. Rigid plastics go in the purple drop-off bin.
NcOrangeWRCEubanks,Plastic#2JugsColored,This site accepts all #2 rigid plastics. Rigid plastics go in the purple drop-off bin.
NcOrangeWRCEubanks,Plastic#2Rigids,
NcOrangeWRCEubanks,Plastic#3Bottles,
NcOrangeWRCEubanks,Plastic#4Bottles,This site accepts all #4 rigid plastics. Rigid plastics go in the purple drop-off bin.
NcOrangeWRCEubanks,Plastic#4Rigids,
NcOrangeWRCEubanks,Plastic#5Bottles,This site accepts all #5 rigid plastics. Rigid plastics go in the purple drop-off bin.
NcOrangeWRCEubanks,Plastic#5Caps,
NcOrangeWRCEubanks,Plastic#5Clamshells,
NcOrangeWRCEubanks,Plastic#5Cups,
NcOrangeWRCEubanks,Plastic#5Rigids,
NcOrangeWRCEubanks,Plastic#6Bottles,
NcOrangeWRCEubanks,Plastic#7Bottles,
NcOrangeWRCEubanks,HazardAerosolCansFull,Aerosol cans must be empty.
NcOrangeWRCEubanks,MetalAerosolCansFull,
NcOrangeWRCEubanks,MetalAluminumBeverageCans,
NcOrangeWRCEubanks,MetalAluminumFoil,
NcOrangeWRCEubanks,AutoAntifreeze,Please keep separate from all other liquids.
NcOrangeWRCEubanks,HazardAntifreeze,Please keep separate from all other liquids.
NcOrangeWRCEubanks,ConstAsphalt,There is a fee to dispose of this product.
NcOrangeWRCEubanks,ElectrAudioEquipment,
NcOrangeWRCEubanks,HouseBicycles,
NcOrangeWRCEubanks,PaperBooklets,
NcOrangeWRCEubanks,GardenBranches,Please bring yard waste loose or in paper bags. There is a fee to dispose of this product.
NcOrangeWRCEubanks,GardenBranches,There is a fee to dispose of this product.
NcOrangeWRCEubanks,GlassBrownBeverageContainers,
NcOrangeWRCEubanks,GardenBrush,Please bring yard waste loose or in paper bags. There is a fee to dispose of this product.
NcOrangeWRCEubanks,ElectrCablesbles,
NcOrangeWRCEubanks,AutoCarBatteries,
NcOrangeWRCEubanks,HouseCarpet,There is a fee to dispose of this product.
NcOrangeWRCEubanks,HouseCarpetPadding,There is a fee to dispose of this product.
NcOrangeWRCEubanks,ElectrCDs,
NcOrangeWRCEubanks,ConstCeilingTiles,There is a fee to dispose of this product.
NcOrangeWRCEubanks,ElectrCellPhoneAccessories,
NcOrangeWRCEubanks,ElectrCellPhones,
NcOrangeWRCEubanks,ConstCeramicTile,There is a fee to dispose of this product.
NcOrangeWRCEubanks,GlassClearBeverageContainers,
NcOrangeWRCEubanks,ElectrComputerPeripheralsExternal,
NcOrangeWRCEubanks,ConstConcrete,There is a fee to dispose of this product.
NcOrangeWRCEubanks,ConstDebris,There is a fee to dispose of this product.
NcOrangeWRCEubanks,ConstMaterials,There is a fee to dispose of this product.
NcOrangeWRCEubanks,PaperCorrugatedCardboard,
NcOrangeWRCEubanks,ElectrCRTComputerMonitors,
NcOrangeWRCEubanks,ElectrCRTTelevisions,
NcOrangeWRCEubanks,ElectrDesktopComputers,
NcOrangeWRCEubanks,ElectrDigitalCameras,
NcOrangeWRCEubanks,ConstDirt,There is a fee to dispose of this product.
NcOrangeWRCEubanks,ConstDoors,There is a fee to dispose of this product.
NcOrangeWRCEubanks,MetalFerrousMetals,
NcOrangeWRCEubanks,ElectrGameConsoles,
NcOrangeWRCEubanks,AutoGasoline,"This site accepts kerosene, diesel fuel, gear oil and Coleman fuel. Please bring in separate containers."
NcOrangeWRCEubanks,HouseGiftBags,
NcOrangeWRCEubanks,ElectrGPSSystems,
NcOrangeWRCEubanks,GardenGrassClippings,Please bring yard waste loose or in paper bags. There is a fee to dispose of this product.
NcOrangeWRCEubanks,GlassGreenBeverageContainers,
NcOrangeWRCEubanks,ConstGypsumDrywall,There is a fee to dispose of this product.
NcOrangeWRCEubanks,ConstHardware,There is a fee to dispose of this product.
NcOrangeWRCEubanks,HouseHouseholdFurniture,There is a fee to dispose of this product.
NcOrangeWRCEubanks,ElectrLaptopComputers,
NcOrangeWRCEubanks,ElectrLCDComputerMonitors,
NcOrangeWRCEubanks,ElectrLCDTelevisions,
NcOrangeWRCEubanks,BatLeadAcidNonAuto,
NcOrangeWRCEubanks,GardenLeaves,Please bring yard waste loose or in paper bags. There is a fee to dispose of this product.
NcOrangeWRCEubanks,ConstLightFixtures,There is a fee to dispose of this product.
NcOrangeWRCEubanks,ConstLinoleum,There is a fee to dispose of this product.
NcOrangeWRCEubanks,BatLithiumIon,
NcOrangeWRCEubanks,ConstLumber,There is a fee to dispose of this product.
NcOrangeWRCEubanks,PaperMagazines,
NcOrangeWRCEubanks,BatMarine,
NcOrangeWRCEubanks,HouseMattresses,There is a fee to dispose of this product.
NcOrangeWRCEubanks,HouseMetalClothesHangers,
NcOrangeWRCEubanks,PaperMixedPaper,
NcOrangeWRCEubanks,AutoMotorOil,This site accepts a maximum of 5 gallons of used motor oil per person. It also accepts gear oil. Please ensure used motor oil is not contaminated and is kept separate from all other liquids.
NcOrangeWRCEubanks,ElectrMP3Players,
NcOrangeWRCEubanks,PaperNewspaper,
NcOrangeWRCEubanks,BatNickelCadmium,
NcOrangeWRCEubanks,MetalNonferrousMetals,
NcOrangeWRCEubanks,ConstOfficeFurniture,There is a fee to dispose of this product.
NcOrangeWRCEubanks,ElectrOfficeMachines,
NcOrangeWRCEubanks,PaperOfficePaper,
NcOrangeWRCEubanks,AutoOilFilters,
NcOrangeWRCEubanks,ConstPallets,There is a fee to dispose of this product.
NcOrangeWRCEubanks,PaperPaperBags,
NcOrangeWRCEubanks,ElectrPaperShredders,
NcOrangeWRCEubanks,PaperPaperboard,
NcOrangeWRCEubanks,PaperPhoneBooks,
NcOrangeWRCEubanks,ConstPorcelainProducts,There is a fee to dispose of this product.
NcOrangeWRCEubanks,ElectrPrinters,
NcOrangeWRCEubanks,ElectrReceivers,
NcOrangeWRCEubanks,ConstRoofingMaterials,There is a fee to dispose of this product.
NcOrangeWRCEubanks,ConstSand,There is a fee to dispose of this product.
NcOrangeWRCEubanks,ConstSawdust,There is a fee to dispose of this product.
NcOrangeWRCEubanks,ConstShingles,There is a fee to dispose of this product.
NcOrangeWRCEubanks,MetalSteelCans,
NcOrangeWRCEubanks,ConstStone,There is a fee to dispose of this product.
NcOrangeWRCEubanks,ElectrTablets,
NcOrangeWRCEubanks,ElectrTelephones,
NcOrangeWRCEubanks,ElectrTelevisionAccessories,
NcOrangeWRCEubanks,ConstTile,There is a fee to dispose of this product.
NcOrangeWRCEubanks,AutoTires,This site accepts a limit of 4 tires per day.
NcOrangeWRCEubanks,AutoTransmissionFluid,Please keep separate from all other liquids.
NcOrangeWRCEubanks,ElectrTwoWayRadios,
NcOrangeWRCEubanks,ElectrVCRs,
NcOrangeWRCEubanks,GardenWeeds,Please bring yard waste loose or in paper bags. There is a fee to dispose of this product.
NcOrangeWRCEubanks,ConstWindows,There is a fee to dispose of this product.
NcOrangeWRCEubanks,GardenWood,Please bring yard waste loose or in paper bags. There is a fee to dispose of this product.
NcOrangeWRCEubanks,GardenWoodChips,Please bring yard waste loose or in paper bags. There is a fee to dispose of this product.
NcOrangeWRCEubanks,ConstWoodFurnishings,There is a fee to dispose of this product.
NcOrangeWRCEubanks,GardenYardWaste,Please bring yard waste loose or in paper bags. There is a fee to dispose of this product.Material
NcOrangeWRCFerguson,Plastic#1BeverageBottles,This site accepts plastic bottles only.
NcOrangeWRCFerguson,Plastic#1Clamshells,
NcOrangeWRCFerguson,Plastic#1NonBeverageBottles,
NcOrangeWRCFerguson,Plastic#1Trays,
NcOrangeWRCFerguson,Plastic#1Rigids,
NcOrangeWRCFerguson,Plastic#2Bottles,
NcOrangeWRCFerguson,Plastic#2Clamshells,
NcOrangeWRCFerguson,Plastic#2JugsClear,This site accepts all #2 rigid plastics. Rigid plastics go in the purple drop-off bin.
NcOrangeWRCFerguson,Plastic#2JugsColored,This site accepts all #2 rigid plastics. Rigid plastics go in the purple drop-off bin.
NcOrangeWRCFerguson,Plastic#2Rigids,
NcOrangeWRCFerguson,Plastic#3Bottles,
NcOrangeWRCFerguson,Plastic#4Bottles,This site accepts all #4 rigid plastics. Rigid plastics go in the purple drop-off bin.
NcOrangeWRCFerguson,Plastic#4Rigids,
NcOrangeWRCFerguson,Plastic#5Bottles,This site accepts all #5 rigid plastics. Rigid plastics go in the purple drop-off bin.
NcOrangeWRCFerguson,Plastic#5Caps,
NcOrangeWRCFerguson,Plastic#5Clamshells,
NcOrangeWRCFerguson,Plastic#5Cups,
NcOrangeWRCFerguson,Plastic#5Rigids,
NcOrangeWRCFerguson,Plastic#6Bottles,
NcOrangeWRCFerguson,Plastic#7Bottles,
NcOrangeWRCFerguson,MetalAerosolCansFull,Aerosol cans must be empty.
NcOrangeWRCFerguson,MetalAluminumBeverageCans,
NcOrangeWRCFerguson,MetalAluminumFoil,
NcOrangeWRCFerguson,MetalAluminumFoodCans,
NcOrangeWRCFerguson,AutoAntifreeze,Please keep separate from all other liquids.
NcOrangeWRCFerguson,ElectrAudioEquipment,
NcOrangeWRCFerguson,HouseBicycles,
NcOrangeWRCFerguson,PaperBooklets,
NcOrangeWRCFerguson,GardenBranches,Please bring yard waste loose or in paper bags.
NcOrangeWRCFerguson,GlassBrownBeverageContainers,
NcOrangeWRCFerguson,GlassBrownContainers,
NcOrangeWRCFerguson,GardenBrush,Please bring yard waste loose or in paper bags.
NcOrangeWRCFerguson,ElectrCables,
NcOrangeWRCFerguson,AutoCarBatteries,
NcOrangeWRCFerguson,ElectrCDs,
NcOrangeWRCFerguson,ElectrCellPhoneAccessories,
NcOrangeWRCFerguson,ElectrCellPhones,
NcOrangeWRCFerguson,HouseChipBags,
NcOrangeWRCFerguson,GlassClearBeverageContainers,
NcOrangeWRCFerguson,GlassClearContainers,
NcOrangeWRCFerguson,ElectrComputerPeripheralsExternal,
NcOrangeWRCFerguson,PaperCorrugatedCardboard,
NcOrangeWRCFerguson,ElectrCRTComputerMonitors,
NcOrangeWRCFerguson,ElectrCRTTelevisions,
NcOrangeWRCFerguson,ElectrDesktopComputers,
NcOrangeWRCFerguson,ElectrDigitalCameras,
NcOrangeWRCFerguson,MetalFerrousMetals,
NcOrangeWRCFerguson,ElectrGameConsoles,
NcOrangeWRCFerguson,AutoGasoline,"This site accepts kerosene, diesel fuel, gear oil and Coleman fuel. Please bring in separate containers."
NcOrangeWRCFerguson,HouseGiftBags,
NcOrangeWRCFerguson,ElectrGPSSystems,
NcOrangeWRCFerguson,GardenGrassClippings,Please bring yard waste loose or in paper bags.
NcOrangeWRCFerguson,GlassGreenBeverageContainers,
NcOrangeWRCFerguson,GlassGreenContainers,
NcOrangeWRCFerguson,ElectrLaptopComputers,
NcOrangeWRCFerguson,ElectrLCDComputerMonitors,
NcOrangeWRCFerguson,ElectrLCDTelevisions,
NcOrangeWRCFerguson,BatLeadAcidNonAuto,
NcOrangeWRCFerguson,GardenLeaves,Please bring yard waste loose or in paper bags.
NcOrangeWRCFerguson,BatLithiumIon,
NcOrangeWRCFerguson,PaperMagazines,
NcOrangeWRCFerguson,BatMarine,
NcOrangeWRCFerguson,HouseMetalClothesHangers,
NcOrangeWRCFerguson,PaperMixedPaper,
NcOrangeWRCFerguson,AutoMotorOil,This site accepts a maximum of 5 gallons of used motor oil per person. It also accepts gear oil. Please ensure used motor oil is not contaminated and is kept separate from all other liquids.
NcOrangeWRCFerguson,ElectrMP3Players,
NcOrangeWRCFerguson,PaperNewspaper,
NcOrangeWRCFerguson,BatNickelCadmium,
NcOrangeWRCFerguson,MetalNonferrousMetals,
NcOrangeWRCFerguson,ElectrOfficeMachines,
NcOrangeWRCFerguson,PaperOfficePaper,
NcOrangeWRCFerguson,AutoOilFilters,
NcOrangeWRCFerguson,PaperPaperBags,
NcOrangeWRCFerguson,PaperPaperLabels,
NcOrangeWRCFerguson,ElectrPaperShredders,
NcOrangeWRCFerguson,PaperPaperSleeves,
NcOrangeWRCFerguson,PaperPaperboard,
NcOrangeWRCFerguson,PaperPhoneBooks,
NcOrangeWRCFerguson,ElectrPrinters,
NcOrangeWRCFerguson,ElectrReceivers,
NcOrangeWRCFerguson,MetalSteelCans,
NcOrangeWRCFerguson,ElectrTablets,
NcOrangeWRCFerguson,ElectrTelephones,
NcOrangeWRCFerguson,ElectrTelevisionAccessories,
NcOrangeWRCFerguson,AutoTires,This site accepts a limit of 4 tires per day.
NcOrangeWRCFerguson,AutoTransmissionFluid,Please keep separate from all other liquids.
NcOrangeWRCFerguson,ElectrTwoWayRadios,
NcOrangeWRCFerguson,ElectrVCRs,
NcOrangeWRCFerguson,GardenWeeds,Please bring yard waste loose or in paper bags.
NcOrangeWRCFerguson,GardenWood,Please bring yard waste loose or in paper bags.
NcOrangeWRCFerguson,GardenWoodChips,Please bring yard waste loose or in paper bags.
NcOrangeWRCFerguson,GardenYardWaste,Please bring yard waste loose or in paper bags.
NcOrangeWRCHighRock,Plastic#1BeverageBottles,This site accepts plastic bottles only.
NcOrangeWRCHighRock,Plastic#1Clamshells,
NcOrangeWRCHighRock,Plastic#1NonBeverageBottles,
NcOrangeWRCHighRock,Plastic#1Trays,
NcOrangeWRCHighRock,Plastic#1Rigids,
NcOrangeWRCHighRock,Plastic#2Bottles,
NcOrangeWRCHighRock,Plastic#2Clamshells,
NcOrangeWRCHighRock,Plastic#2JugsClear,This site accepts all #2 rigid plastics. Rigid plastics go in the purple drop-off bin.
NcOrangeWRCHighRock,Plastic#2JugsColored,This site accepts all #2 rigid plastics. Rigid plastics go in the purple drop-off bin.
NcOrangeWRCHighRock,Plastic#2Rigids,
NcOrangeWRCHighRock,Plastic#3Bottles,
NcOrangeWRCHighRock,Plastic#4Bottles,This site accepts all #4 rigid plastics. Rigid plastics go in the purple drop-off bin.
NcOrangeWRCHighRock,Plastic#4Rigids,
NcOrangeWRCHighRock,Plastic#5Bottles,This site accepts all #5 rigid plastics. Rigid plastics go in the purple drop-off bin.
NcOrangeWRCHighRock,Plastic#5Caps,
NcOrangeWRCHighRock,Plastic#5Clamshells,
NcOrangeWRCHighRock,Plastic#5Cups,
NcOrangeWRCHighRock,Plastic#5Rigids,
NcOrangeWRCHighRock,Plastic#6Bottles,
NcOrangeWRCHighRock,Plastic#7Bottles,
NcOrangeWRCHighRock,MetalAerosolCansFull,Aerosol cans must be empty.
NcOrangeWRCHighRock,MetalAluminumBeverageCans,
NcOrangeWRCHighRock,MetalAluminumFoil,
NcOrangeWRCHighRock,AutoAntifreeze,Please keep separate from all other liquids.
NcOrangeWRCHighRock,ElectrAudioEquipment,
NcOrangeWRCHighRock,HouseBicycles,
NcOrangeWRCHighRock,PaperBooklets,
NcOrangeWRCHighRock,GlassBrownBeverageContainers,
NcOrangeWRCHighRock,GlassBrownContainers,
NcOrangeWRCHighRock,ElectrCables,
NcOrangeWRCHighRock,AutoCarBatteries,
NcOrangeWRCHighRock,ElectrCDs,
NcOrangeWRCHighRock,ElectrCellPhoneAccessories,
NcOrangeWRCHighRock,ElectrCellPhones,
NcOrangeWRCHighRock,HouseChipBags,
NcOrangeWRCHighRock,GardenChristmasTrees,"This site accepts 1 tree per household. Please remove any lights, ornaments, wires, nails, decorations, accessories, stands, bags, etc. Flocked and/or artificial trees are not accepted."
NcOrangeWRCHighRock,GlassClearBeverageContainers,
NcOrangeWRCHighRock,GlassClearContainers,
NcOrangeWRCHighRock,ElectrComputerPeripheralsExternal,
NcOrangeWRCHighRock,PaperCorrugatedCardboard,
NcOrangeWRCHighRock,ElectrCRTComputerMonitors,
NcOrangeWRCHighRock,ElectrCRTTelevisions,
NcOrangeWRCHighRock,ElectrDesktopComputers,
NcOrangeWRCHighRock,ElectrDigitalCameras,
NcOrangeWRCHighRock,MetalFerrousMetals,
NcOrangeWRCHighRock,ElectrGameConsoles,
NcOrangeWRCHighRock,AutoGasoline,"This site accepts kerosene, diesel fuel, gear oil and Coleman fuel. Please bring in separate containers."
NcOrangeWRCHighRock,HouseGiftBags,
NcOrangeWRCHighRock,ElectrGPSSystems,
NcOrangeWRCHighRock,GlassGreenBeverageContainers,
NcOrangeWRCHighRock,GlassGreenContainers,
NcOrangeWRCHighRock,ElectrLaptopComputers,
NcOrangeWRCHighRock,ElectrLCDComputerMonitors,
NcOrangeWRCHighRock,ElectrLCDTelevisions,
NcOrangeWRCHighRock,BatLeadAcidNonAuto,
NcOrangeWRCHighRock,BatLeadAcidNonAuto,
NcOrangeWRCHighRock,BatLithiumIon,
NcOrangeWRCHighRock,PaperMagazines,
NcOrangeWRCHighRock,BatMarine,
NcOrangeWRCHighRock,HouseMetalClothesHangers,
NcOrangeWRCHighRock,PaperMixedPaper,
NcOrangeWRCHighRock,PaperMixedPaper,
NcOrangeWRCHighRock,AutoMotorOil,This site accepts a maximum of 5 gallons of used motor oil per person. It also accepts gear oil. Please ensure used motor oil is not contaminated and is kept separate from all other liquids.
NcOrangeWRCHighRock,ElectrMP3Players,
NcOrangeWRCHighRock,PaperNewspaper,
NcOrangeWRCHighRock,BatNickelCadmium,
NcOrangeWRCHighRock,MetalNonferrousMetals,
NcOrangeWRCHighRock,ElectrOfficeMachines,
NcOrangeWRCHighRock,PaperOfficePaper,
NcOrangeWRCHighRock,AutoOilFilters,
NcOrangeWRCHighRock,PaperPaperBags,
NcOrangeWRCHighRock,PaperPaperLabels,
NcOrangeWRCHighRock,ElectrPaperShredders,
NcOrangeWRCHighRock,PaperPaperSleeves,
NcOrangeWRCHighRock,PaperPaperboard,
NcOrangeWRCHighRock,PaperPhoneBooks,
NcOrangeWRCHighRock,ElectrPrinters,
NcOrangeWRCHighRock,ElectrReceivers,Please place in a paper bag.
NcOrangeWRCHighRock,MetalSteelCans,
NcOrangeWRCHighRock,ElectrTablets,
NcOrangeWRCHighRock,ElectrTelephones,
NcOrangeWRCHighRock,ElectrTelevisionAccessories,
NcOrangeWRCHighRock,AutoTires,This site accepts a limit of 4 tires per day.
NcOrangeWRCHighRock,AutoTransmissionFluid,Please keep separate from all other liquids.
NcOrangeWRCHighRock,ElectrTwoWayRadios,
NcOrangeWRCHighRock,ElectrVCRs,
NcOrangeWRCWalnutGroveChurch,Plastic#1BeverageBottles,This site accepts plastic bottles only.
NcOrangeWRCWalnutGroveChurch,Plastic#1Clamshells,
NcOrangeWRCWalnutGroveChurch,Plastic#1NonBeverageBottles,
NcOrangeWRCWalnutGroveChurch,Plastic#1Trays,
NcOrangeWRCWalnutGroveChurch,Plastic#1Rigids,
NcOrangeWRCWalnutGroveChurch,Plastic#2Bottles,
NcOrangeWRCWalnutGroveChurch,Plastic#2Clamshells,
NcOrangeWRCWalnutGroveChurch,Plastic#2JugsClear,This site accepts all #2 rigid plastics. Rigid plastics go in the purple drop-off bin.
NcOrangeWRCWalnutGroveChurch,Plastic#2JugsColored,This site accepts all #2 rigid plastics. Rigid plastics go in the purple drop-off bin.
NcOrangeWRCWalnutGroveChurch,Plastic#2Rigids,
NcOrangeWRCWalnutGroveChurch,Plastic#3Bottles,
NcOrangeWRCWalnutGroveChurch,Plastic#4Bottles,This site accepts all #4 rigid plastics. Rigid plastics go in the purple drop-off bin.
NcOrangeWRCWalnutGroveChurch,Plastic#4Rigids,
NcOrangeWRCWalnutGroveChurch,Plastic#5Bottles,This site accepts all #5 rigid plastics. Rigid plastics go in the purple drop-off bin.
NcOrangeWRCWalnutGroveChurch,Plastic#5Caps,
NcOrangeWRCWalnutGroveChurch,Plastic#5Clamshells,
NcOrangeWRCWalnutGroveChurch,Plastic#5Cups,
NcOrangeWRCWalnutGroveChurch,Plastic#5Rigids,
NcOrangeWRCWalnutGroveChurch,Plastic#6Bottles,
NcOrangeWRCWalnutGroveChurch,Plastic#7Bottles,
NcOrangeWRCWalnutGroveChurch,MetalAerosolCansFull,Aerosol cans must be empty.
NcOrangeWRCWalnutGroveChurch,MetalAluminumBeverageCans,
NcOrangeWRCWalnutGroveChurch,MetalAluminumFoil,
NcOrangeWRCWalnutGroveChurch,MetalAluminumFoodCans,Please keep separate from all other liquids.
NcOrangeWRCWalnutGroveChurch,AutoAntifreeze,
NcOrangeWRCWalnutGroveChurch,ElectrAudioEquipment,
NcOrangeWRCWalnutGroveChurch,HouseBicycles,
NcOrangeWRCWalnutGroveChurch,PaperBooklets,Please bring yard waste loose or in paper bags.
NcOrangeWRCWalnutGroveChurch,GardenBranches,
NcOrangeWRCWalnutGroveChurch,GlassBrownBeverageContainers,Please bring yard waste loose or in paper bags.
NcOrangeWRCWalnutGroveChurch,GlassBrownContainers,
NcOrangeWRCWalnutGroveChurch,GardenBrush,
NcOrangeWRCWalnutGroveChurch,ElectrCables,
NcOrangeWRCWalnutGroveChurch,AutoCarBatteries,
NcOrangeWRCWalnutGroveChurch,ElectrCDs,
NcOrangeWRCWalnutGroveChurch,ElectrCellPhoneAccessories,
NcOrangeWRCWalnutGroveChurch,ElectrCellPhones,
NcOrangeWRCWalnutGroveChurch,HouseChipBags,
NcOrangeWRCWalnutGroveChurch,GardenChristmasTrees,"This site accepts 1 tree per household. Please remove any lights, ornaments, wires, nails, decorations, accessories, stands, bags, etc. Flocked and/or artificial trees are not accepted."
NcOrangeWRCWalnutGroveChurch,GlassClearBeverageContainers,
NcOrangeWRCWalnutGroveChurch,GlassClearContainers,
NcOrangeWRCWalnutGroveChurch,ElectrComputerPeripheralsExternal,
NcOrangeWRCWalnutGroveChurch,PaperCorrugatedCardboard,
NcOrangeWRCWalnutGroveChurch,ElectrCRTComputerMonitors,
NcOrangeWRCWalnutGroveChurch,ElectrCRTTelevisions,
NcOrangeWRCWalnutGroveChurch,ElectrDesktopComputers,
NcOrangeWRCWalnutGroveChurch,ElectrDigitalCameras,
NcOrangeWRCWalnutGroveChurch,MetalFerrousMetals,
NcOrangeWRCWalnutGroveChurch,ElectrGameConsoles,
NcOrangeWRCWalnutGroveChurch,AutoGasoline,"This site accepts kerosene, diesel fuel, gear oil and Coleman fuel. Please bring in separate containers."
NcOrangeWRCWalnutGroveChurch,ElectrGPSSystems,
NcOrangeWRCWalnutGroveChurch,GardenGrassClippings,Please bring yard waste loose or in paper bags.
NcOrangeWRCWalnutGroveChurch,GlassGreenBeverageContainers,
NcOrangeWRCWalnutGroveChurch,GlassGreenContainers,
NcOrangeWRCWalnutGroveChurch,ElectrLaptopComputers,
NcOrangeWRCWalnutGroveChurch,ElectrLCDComputerMonitors,
NcOrangeWRCWalnutGroveChurch,ElectrLCDTelevisions,
NcOrangeWRCWalnutGroveChurch,BatLeadAcidNonAuto,
NcOrangeWRCWalnutGroveChurch,GardenLeaves,Please bring yard waste loose or in paper bags.
NcOrangeWRCWalnutGroveChurch,BatLithiumIon,
NcOrangeWRCWalnutGroveChurch,PaperMagazines,
NcOrangeWRCWalnutGroveChurch,BatMarine,
NcOrangeWRCWalnutGroveChurch,HouseMetalClothesHangers,
NcOrangeWRCWalnutGroveChurch
NcOrangeWRCWalnutGroveChurch,PaperMixedPaper,
NcOrangeWRCWalnutGroveChurch,AutoMotorOil,This site accepts a maximum of 5 gallons of used motor oil per person. It also accepts gear oil. Please ensure used motor oil is not contaminated and is kept separate from all other liquids.
NcOrangeWRCWalnutGroveChurch,AutoMotorOilContainers,
NcOrangeWRCWalnutGroveChurch,ElectrMP3Players,
NcOrangeWRCWalnutGroveChurch,PaperNewspaper,
NcOrangeWRCWalnutGroveChurch,BatNickelCadmium,
NcOrangeWRCWalnutGroveChurch,MetalNonferrousMetals,
NcOrangeWRCWalnutGroveChurch,ElectrOfficeMachines,
NcOrangeWRCWalnutGroveChurch,PaperOfficePaper,
NcOrangeWRCWalnutGroveChurch,AutoOilFilters,
NcOrangeWRCWalnutGroveChurch,PaperPaperBags,
NcOrangeWRCWalnutGroveChurch,PaperPaperLabels,
NcOrangeWRCWalnutGroveChurch,ElectrPaperShredders,
NcOrangeWRCWalnutGroveChurch,PaperPaperSleeves,
NcOrangeWRCWalnutGroveChurch,PaperPaperboard,
NcOrangeWRCWalnutGroveChurch,PaperPhoneBooks,
NcOrangeWRCWalnutGroveChurch,ElectrPrinters,
NcOrangeWRCWalnutGroveChurch,ElectrReceivers,
NcOrangeWRCWalnutGroveChurch,MetalSteelCans,
NcOrangeWRCWalnutGroveChurch,ElectrTablets,
NcOrangeWRCWalnutGroveChurch,ElectrTelephones,
NcOrangeWRCWalnutGroveChurch,ElectrTelevisionAccessories,
NcOrangeWRCWalnutGroveChurch,AutoTires,This site accepts a limit of 4 tires per day.
NcOrangeWRCWalnutGroveChurch,AutoTransmissionFluid,Please keep separate from all other liquids.
NcOrangeWRCWalnutGroveChurch,ElectrTwoWayRadios,
NcOrangeWRCWalnutGroveChurch,ElectrVCRs,
NcOrangeWRCWalnutGroveChurch,GardenWeeds,Please bring yard waste loose or in paper bags.
NcOrangeWRCWalnutGroveChurch,GardenWood,Please bring yard waste loose or in paper bags.
NcOrangeWRCWalnutGroveChurch,GardenWoodChips,Please bring yard waste loose or in paper bags.
NcOrangeWRCWalnutGroveChurch,GardenYardWaste,Please bring yard waste loose or in paper bags.
NcOrange24DropOffCedarFalls,Plastic#1BeverageBottles,This site accepts plastic bottles only.
NcOrange24DropOffCedarFalls,Plastic#1NonBeverageBottles,
NcOrange24DropOffCedarFalls,Plastic#2Bottles,
NcOrange24DropOffCedarFalls,Plastic#2JugsClear,
NcOrange24DropOffCedarFalls,Plastic#2JugsColored,This site accepts all #2 rigid plastics. Rigid plastics go in the purple drop-off bin.
NcOrange24DropOffCedarFalls,Plastic#4Bottles,
NcOrange24DropOffCedarFalls,Plastic#5Bottles,
NcOrange24DropOffCedarFalls,Plastic#5Caps,
NcOrange24DropOffCedarFalls,MetalAerosolCansFull,Aerosol cans must be empty.
NcOrange24DropOffCedarFalls,MetalAluminumBeverageCans,
NcOrange24DropOffCedarFalls,MetalAluminumFoil,
NcOrange24DropOffCedarFalls,MetalAluminumFoodCans,
NcOrange24DropOffCedarFalls,PaperBooklets,
NcOrange24DropOffCedarFalls,GlassBrownBeverageContainers,
NcOrange24DropOffCedarFalls,GlassBrownContainers,
NcOrange24DropOffCedarFalls,HouseChipBags,
NcOrange24DropOffCedarFalls,GlassClearBeverageContainers,
NcOrange24DropOffCedarFalls,GlassClearContainers,
NcOrange24DropOffCedarFalls,PaperCorrugatedCardboard,Please empty cardboard boxes and break them down flat.
NcOrange24DropOffCedarFalls,GlassGreenBeverageContainers,
NcOrange24DropOffCedarFalls,GlassGreenContainers,
NcOrange24DropOffCedarFalls,PaperMagazines,
NcOrange24DropOffCedarFalls,PaperMixedPaper,
NcOrange24DropOffCedarFalls,PaperNewspaper,
NcOrange24DropOffCedarFalls,PaperOfficePaper,
NcOrange24DropOffCedarFalls,PaperPaperBags,
NcOrange24DropOffCedarFalls,PaperPaperLabels,
NcOrange24DropOffCedarFalls,PaperPaperSleeves,
NcOrange24DropOffCedarFalls,PaperPaperboard,
NcOrange24DropOffCedarFalls,PaperPhoneBooks,
NcOrange24DropOffCedarFalls,MetalSteelCans,
NcOrange24DropOffHamptonPointe,Plastic#1BeverageBottles,This site accepts plastic bottles only.
NcOrange24DropOffHamptonPointe,Plastic#1NonBeverageBottles,
NcOrange24DropOffHamptonPointe,Plastic#2Bottles,
NcOrange24DropOffHamptonPointe,Plastic#2JugsClear,
NcOrange24DropOffHamptonPointe,Plastic#2JugsColored,
NcOrange24DropOffHamptonPointe,Plastic#4Bottles,
NcOrange24DropOffHamptonPointe,Plastic#5Bottles,
NcOrange24DropOffHamptonPointe,Plastic#5Caps,
NcOrange24DropOffHamptonPointe,MetalAerosolCansFull,Aerosol cans must be empty.
NcOrange24DropOffHamptonPointe,MetalAluminumBeverageCans,
NcOrange24DropOffHamptonPointe,MetalAluminumFoil,
NcOrange24DropOffHamptonPointe,MetalAluminumFoodCans,
NcOrange24DropOffHamptonPointe,PaperBooklets,
NcOrange24DropOffHamptonPointe,GlassBrownBeverageContainers,
NcOrange24DropOffHamptonPointe,GlassBrownContainers,
NcOrange24DropOffHamptonPointe,HouseChipBags,
NcOrange24DropOffHamptonPointe,GlassClearBeverageContainers,
NcOrange24DropOffHamptonPointe,GlassClearContainers,
NcOrange24DropOffHamptonPointe,PaperCorrugatedCardboard,Please empty cardboard boxes and break them down flat.
NcOrange24DropOffHamptonPointe,GlassGreenBeverageContainers,
NcOrange24DropOffHamptonPointe,GlassGreenContainers,
NcOrange24DropOffHamptonPointe,PaperMagazines,
NcOrange24DropOffHamptonPointe,PaperMixedPaper,
NcOrange24DropOffHamptonPointe,PaperNewspaper,
NcOrange24DropOffHamptonPointe,PaperOfficePaper,
NcOrange24DropOffHamptonPointe,PaperPaperBags,
NcOrange24DropOffHamptonPointe,PaperPaperLabels,
NcOrange24DropOffHamptonPointe,PaperPaperSleeves,
NcOrange24DropOffHamptonPointe,PaperPaperboard,
NcOrange24DropOffHamptonPointe,PaperPhoneBooks,
NcOrange24DropOffHamptonPointe,MetalSteelCans,
NcOrange24DropOffMeadowmont,Plastic#1BeverageBottles,This site accepts plastic bottles only.
NcOrange24DropOffMeadowmont,Plastic#1NonBeverageBottles,
NcOrange24DropOffMeadowmont,Plastic#2Bottles,
NcOrange24DropOffMeadowmont,Plastic#2JugsClear,
NcOrange24DropOffMeadowmont,Plastic#2JugsColored,
NcOrange24DropOffMeadowmont,Plastic#4Bottles,
NcOrange24DropOffMeadowmont,Plastic#5Bottles,
NcOrange24DropOffMeadowmont,Plastic#5Caps,
NcOrange24DropOffMeadowmont,MetalAerosolCansFull,Aerosol cans must be empty.
NcOrange24DropOffMeadowmont,MetalAluminumBeverageCans,
NcOrange24DropOffMeadowmont,MetalAluminumFoil,
NcOrange24DropOffMeadowmont,MetalAluminumFoodCans,
NcOrange24DropOffMeadowmont,PaperBooklets,
NcOrange24DropOffMeadowmont,GlassBrownBeverageContainers,
NcOrange24DropOffMeadowmont,GlassBrownContainers,
NcOrange24DropOffMeadowmont,HouseChipBags,
NcOrange24DropOffMeadowmont,GlassClearBeverageContainers,
NcOrange24DropOffMeadowmont,GlassClearContainers,
NcOrange24DropOffMeadowmont,PaperCorrugatedCardboard,Please empty cardboard boxes and break them down flat.
NcOrange24DropOffMeadowmont,GlassGreenBeverageContainers,
NcOrange24DropOffMeadowmont,GlassGreenContainers,
NcOrange24DropOffMeadowmont,PaperMagazines,
NcOrange24DropOffMeadowmont,PaperMixedPaper,
NcOrange24DropOffMeadowmont,PaperNewspaper,
NcOrange24DropOffMeadowmont,PaperOfficePaper,
NcOrange24DropOffMeadowmont,PaperPaperBags,
NcOrange24DropOffMeadowmont,PaperPaperLabels,
NcOrange24DropOffMeadowmont,PaperPaperSleeves,
NcOrange24DropOffMeadowmont,PaperPaperboard,
NcOrange24DropOffMeadowmont,PaperPhoneBooks,
NcOrange24DropOffMeadowmont,MetalSteelCans,
NcOrange24DropOffUniversityPlace,Plastic#1BeverageBottles,This site accepts plastic bottles only.
NcOrange24DropOffUniversityPlace,Plastic#1NonBeverageBottles,
NcOrange24DropOffUniversityPlace,Plastic#2Bottles,
NcOrange24DropOffUniversityPlace,Plastic#2JugsClear,
NcOrange24DropOffUniversityPlace,Plastic#2JugsColored,
NcOrange24DropOffUniversityPlace,Plastic#4Bottles,
NcOrange24DropOffUniversityPlace,Plastic#5Bottles,
NcOrange24DropOffUniversityPlace,Plastic#5Caps,
NcOrange24DropOffUniversityPlace,MetalAerosolCansFull,Aerosol cans must be empty.
NcOrange24DropOffUniversityPlace,MetalAluminumBeverageCans,
NcOrange24DropOffUniversityPlace,MetalAluminumFoil,
NcOrange24DropOffUniversityPlace,MetalAluminumFoodCans,
NcOrange24DropOffUniversityPlace,PaperBooklets,
NcOrange24DropOffUniversityPlace,GlassBrownBeverageContainers,
NcOrange24DropOffUniversityPlace,GlassBrownContainers,
NcOrange24DropOffUniversityPlace,HouseChipBags,
NcOrange24DropOffUniversityPlace,GlassClearBeverageContainers,
NcOrange24DropOffUniversityPlace,GlassClearContainers,
NcOrange24DropOffUniversityPlace,PaperCorrugatedCardboard,Please empty cardboard boxes and break them down flat.
NcOrange24DropOffUniversityPlace,GlassGreenBeverageContainers,
NcOrange24DropOffUniversityPlace,GlassGreenContainers,
NcOrange24DropOffUniversityPlace,PaperMagazines,
NcOrange24DropOffUniversityPlace,PaperMixedPaper,
NcOrange24DropOffUniversityPlace,PaperNewspaper,
NcOrange24DropOffUniversityPlace,PaperOfficePaper,
NcOrange24DropOffUniversityPlace,PaperPaperBags,
NcOrange24DropOffUniversityPlace,PaperPaperLabels,
NcOrange24DropOffUniversityPlace,PaperPaperSleeves,
NcOrange24DropOffUniversityPlace,PaperPaperboard,
NcOrange24DropOffUniversityPlace,PaperPhoneBooks,
NcOrange24DropOffUniversityPlace,MetalSteelCans,
NcDurhamNewHopeCommonsWalmart,Plastic#2Bags,
NcDurhamNewHopeCommonsWalmart,Plastic#4Bags,
NcChapelHillLowes,Plastic#2Bags,
NcChapelHillLowes,Plastic#4Bags,
NcChapelHillLowes,ElectrCellPhones,
NcChapelHillLowes,HazardCFLs,This site does not accept broken bulbs.
NcChapelHillLowes,BatLeadAcidNonAuto,This site does not accept single-use batteries.
NcChapelHillLowes,BatLithiumIon,This site does not accept single-use batteries.
NcChapelHillLowes,BatNickelCadmium,This site does not accept single-use batteries.
NcChapelHillLowes,BatNickelMetalHydride,This site does not accept single-use batteries.
NcChapelHillLowes,BatNickelZinc,This site does not accept single-use batteries.
NcChapelHillLowes,PlasticPlantMaterials,"This site accepts plastic plant pots, plant trays and tags in the garden department."
NcChapelHillStaples,ElectrCellPhoneAccessories,This site accepts chargers and other cell phone accessories free of charge.
NcChapelHillStaples,ElectrCellPhones,This site accepts all cell phones free of charge.
NcChapelHillStaples,Computer Peripherals - External,"This site accepts keyboards, mice, modems, routers, computer speakers, and other computer peripherals at no charge."
NcChapelHillStaples,CRT Computer Monitors,This site accepts all CRT monitors free of charge.
NcChapelHillStaples,Desktop Computers,This site accepts all desktop computer brands for free recycling.
NcChapelHillStaples,Digital Cameras,
NcChapelHillStaples,GPS Systems,This site accepts GPS devices free of charge.
NcChapelHillStaples,HazardInkjetCartridges,"Please bring cartridges to any register. Recycle any brand of ink or toner cartridge, up to 10 per calendar month per customer, and receive $2 back in Staples Rewards per cartridge. Please visit www.StaplesRewards.com for full program details."
NcChapelHillStaples,ElectrLaptopComputers,This site accepts all laptops and netbooks for recycling at no charge.
NcChapelHillStaples,ElectrLCDComputerMonitors,This site accepts all LCD monitors for recycling at no charge.
NcChapelHillStaples,BatLithiumIon,This site accepts rechargeable batteries weighing less than 12 pounds.
NcChapelHillStaples,ElectrMP3Players,This site accepts all MP3 player brands for recycling at no charge.
NcChapelHillStaples,BatNickelCadmium,This site accepts rechargeable batteries weighing less than 12 pounds.
NcChapelHillStaples,ElectrOfficeMachines,"This site accepts desktop printers, copiers, fax machines and all-in-ones for recycling at no charge."
NcChapelHillStaples,ElectrPaperShredders,This site accepts shredders for free recycling.
NcChapelHillStaples,ElectrPrinters,This site accepts all printers for free recycling.
NcChapelHillStaples,ElectrTablets,This site accepts digital cameras for free recycling.
NcChapelHillStaples,HazardTonerCartridges,"Please bring cartridges to any register. Recycle any brand of ink or toner cartridge, up to 10 per calendar month per customer, and receive $2 back in Staples Rewards per cartridge. Please visit www.StaplesRewards.com for full program details."
NcAlamanceHawRiver,Medical,
NcAlamanceBurlington,LCID,
NcAlamanceGraham1,CD,
NcAlamanceGraham2,MSW,
NcAlamanceHawRiver,Medical,
NcAlamanceLiberty,CD,
NcAlamanceMebane,LCID,
NcAlexanderTaylorsville1,CD,
NcAlexanderTaylorsville2,MSW,
NcAlleghanySparta,MSW,
NcAnsonPolkton,MSW,
NcAnsonWadesboro,TypeIII,
NcAsheCumpler,MSW,
NcAsheWestJefferson,HHW,
NcAverySprucePine1,CD,
NcAverySprucePine2,MSW,
NcBeaufortWashington,MSW,
NcBertieAulander,MSW,
NcBladenElizabethtown,MSW,
NcBrunswickBolivia1,CD,
NcBrunswickBolivia2,TypeI,
NcBrunswickBolivia3,MSW,
NcBrunswickBolivia4,LCID,
NcBuncombeAlexander1,CD,
NcBuncombeAlexander2,MSW,
NcBuncombeArden,Indus,
NcBuncombeAsheville,MSW,
NcBuncombeAsheville1,MSW,
NcBuncombeAsheville2,TypeI,
NcBuncombeAsheville3,LCID,
NcBuncombeAsheville4,MatRecovery,
NcBuncombeAsheville5,TypeIII,
NcBuncombeSwannanoa,TypeIII,
NcBurkeMorganton1,CD,
NcBurkeMorganton2,MSW,
NcCabarrusConcord1,CD,
NcCabarrusConcord1,TypeI,
NcCabarrusConcord2,AutoTires,
NcCabarrusConcord3,MSW,
NcCabarrusConcord4,Medical,
NcCabarrusConcord5,CD,
NcCabarrusConcord5,LCID,
NcCabarrusConcord5,LCID,
NcCabarrusConcord6,HHW,
NcCabarrusConcord7,AutoTires,
NcCabarrusConcord8,LCID,
NcCabarrusharrisburg,LCID,
NcCaldwellLenoir,MSW,
NcCarteretNewport1,MSW,
NcCatawbaConover,MSW,
NcCatawbaHickory1,TypeI,
NcCatawbaHickory2,MSW,
NcCatawbaNewton2,CD,
NcCatawbaNewton2,TypeI,
NcCatawbaNewton2,MSW,
NcCatawbaNewton2,LCID,
NcCatawbaTerrell1,Indus,
NcCatawbaTerrell2,Indus,
NcChathamChapelHill,LCID,
NcChathamGoldston1,TypeIII,
NcChathamGoldston2,CD,
NcChathamMoncure,CCR,
NcChathamNewHill,TypeIV,
NcChathamPittsboro,HHW,
NcChathamSilerCity,MSW,
NcCherokeeMurphy,MSW,
NcChowanEdenton1,MSW,
NcChowanEdenton2,TypeII,
NcClayHayesville,MSW,
NcClevelandCherryville,MSW,
NcClevelandShelby,CD,
NcColumbusDelco,CD,
NcColumbusRiegelwood,Indus,
NcColumbusWhiteville1,LCID,
NcColumbusWhiteville2,MSW,
NcCravenHavelock,LCID,
NcCravenMCASCherryPoint1,MSW,
NcCravenMCASCherryPoint2,LCID,
NcCravenNewBern1,TypeI,
NcCravenNewBern2,MSW,
NcCravenNewBern2,TypeI,
NcCravenNewBern3,TypeIII,
NcCravenVanceboro,LCID,
NcCumberlandFayetteville1,CD,
NcCumberlandFayetteville1,MSW,
NcCumberlandFayetteville2,MSW,
NcCumberlandFayetteville3,TypeI,
NcCumberlandFayetteville4,LCID,
NcCumberlandFayetteville5,CD,
NcCumberlandFayetteville6,HHW,
NcCumberlandFayetteville7,LCID,
NcCumberlandFayetteville8,LCID,
NcCumberlandFortBragg,MSW,
NcCumberlandHopeMills,LCID,
NcCurrituckCurrituck,MSW,
NcCurrituckJarvisburg,CD,
NcCurrituckPowellsPoint,CD,
NcDareMannsHarbor1,CD,
NcDareMannsHarbor2,MSW,
NcDavidsonLexington1,HHW,
NcDavidsonLexington2,TypeI,
NcDavidsonLexington3,CD,
NcDavidsonThomasville1,MSW,
NcDavidsonThomasville2,MSW,
NcDavidsonWinstonSalem,LCID,
NcDavieAdvance,TypeIII,
NcDavieMocksville,TypeIII,
NcDuplinRoseHill1,MSW,
NcDuplinRoseHill2,LCID,
NcDurhamDurham1,TypeI,
NcDurhamDurham1,HHW,
NcDurhamDurham1,MSW,
NcDurhamDurham2,MSW,
NcDurhamDurham3,TypeIII,
NcDurhamDurham4,CD,
NcDurhamDurham5,LCID,
NcDurhamDurham6,LCID,
NcDurhamDurham7,LCID,
NcEdgecombeBattleboro,TypeIV,
NcEdgecombeRockyMount1,LCID,
NcEdgecombeRockyMount2,LCID,
NcEdgecombeTarboro1,CD,
NcEdgecombeTarboro2,MSW,
NcForsythKernersville1,TypeI,
NcForsythKernersville2,LCID,
NcForsythRuralHall,TypeI,
NcForsythSmithfield,Indus,
NcForsythWINSTONSALEM,LCID,
NcForsythWinston-Salem1,MSW,
NcForsythWinston-Salem2,YW,
NcForsythWinston-Salem3,CD,
NcForsythWinston-Salem4,HHW,
NcForsythWinston-Salem5,MSW,
NcForsythWinstonSalem6,TypeIII,
NcForsythWinstonSalem7,LCID,
NcForsythWinstonSalem8,CD,
NcForsythWinstonSalem9,YW,
NcFranklinFranklinton,AutoTires,
NcFranklinFranklinton3,MSW,
NcFranklinFranklinton4,LCID,
NcFranklinFranklinton5,CD,
NcFranklinFranklinton6,CD,
NcFranklinZebulon,TypeIII,
NcGastonBelmont,Indus,
NcGastonDallas1,CD,
NcGastonDallas2,MSW,
NcGastonDallas3,HHW,
NcGastonDallas4,TypeIII,
NcGastonGastonia,MSW,
NcGastonGastonia1,TypeI,
NcGastonGastonia2,Medical,
NcGastonGastonia3,Medical,
NcGastonMtHolly,LCID,
NcGrahamRobbinsville,MSW,
NcGranvilleOxford1,MSW,
NcGranvilleOxford2,YW,
NcGreeneWalstonburg,CD,
NcGuilfordGreensboro1,CD,
NcGuilfordGreensboro1,MSW,
NcGuilfordGreensboro2,TypeI,
NcGuilfordGreensboro2,CD,
NcGuilfordGreensboro3,MSW,
NcGuilfordGreensboro4,AutoTires,
NcGuilfordGreensboro5,MSW,
NcGuilfordGreensboro6,CD,
NcGuilfordGreensboro7,LCID,
NcGuilfordGreensboro8,LCID,
NcGuilfordHighPoint1,MSW,
NcGuilfordHighPoint2,TypeI,
NcGuilfordJamestown1,CD,
NcGuilfordJamestown2,MatRecovery,
NcGuilfordMcLeansville1,LCID,
NcGuilfordMcLeansville2,LCID,
NcGuilfordSummerfield1,LCID,
NcGuilfordSummerfield2,LCID,
NcHalifaxHalifax,MSW,
NcHalifaxLittleton1,CD,
NcHalifaxLittleton2,MSW,
NcHalifaxWeldon,LCID,
NcHarnettBunnlevel,LCID,
NcHarnettCameron,LCID,
NcHarnettCameron1,AutoTires,
NcHarnettCameron2,AutoTires,
NcHarnettDunn,MSW,
NcHarnettDunn1,CD,
NcHarnettDunn2,LCID,
NcHarnettFuquayVarina,LCID,
NcHarnettSanford,LCID,
NcHarnettSpringLake1,CD,
NcHarnettSpringLake2,MSW,
NcHaywoodCanton,Indus,
NcHaywoodClyde,MatRecovery,
NcHaywoodWaynesville,MSW,
NcHendersonHendersonville1,HHW,
NcHendersonHendersonville2,MSW,
NcHendersonMillsRiver,LCID,
NcHertfordAhoskie,MSW,
NcHokeRaeford1,MSW,
NcHokeRaeford2,LCID,
NcHydePantego,TypeIII,
NcIredellMooresville,MSW,
NcIredellStatesville1,HHW,
NcIredellStatesville2,MSW,
NcJacksonSylva,MSW,
NcJohnstonNewtonGrove,LCID,
NcJohnstonSmithfield1,CD,
NcJohnstonSmithfield2,MSW,
NcJohnstonSmithfield3,MSW,
NcJonesMaysville1,CD,
NcJonesMaysville2,CD,
NcLeeSanford1,TypeIII,
NcLeeSanford2,MSW,
NcLeeSanford3,MSW,
NcLenoirKinston,MSW,
NcLenoirLaGrange1,CD,
NcLenoirLaGrange2,MSW,
NcLenoirLaGrange3,MSW,
NcLenoirLagrange4,LCID,
NcLincolnCrouse1,CD,
NcLincolnCrouse2,MSW,
NcLincolnStanley,CD,
NcMaconFRANKLIN1,MSW,
NcMaconFranklin2,TypeIII,
NcMaconHighlands,MSW,
NcMadisonMarshall1,CD,
NcMadisonMarshall2,HHW,
NcMadisonMarshall3,MSW,
NcMartinWilliamston,CD,
NcMcDowellMarion,MSW,
NcMecklenburgCharlotte1,TypeI,
NcMecklenburgCharlotte10,TypeIII,
NcMecklenburgCharlotte11,LCID,
NcMecklenburgCharlotte12,HHW,
NcMecklenburgCharlotte13,TypeI,
NcMecklenburgCharlotte14,LCID,
NcMecklenburgCharlotte15,LCID,
NcMecklenburgCharlotte16,LCID,
NcMecklenburgCharlotte17,LCID,
NcMecklenburgCharlotte2,MSW,
NcMecklenburgCharlotte3,HHW,
NcMecklenburgCharlotte4,YW,
NcMecklenburgCharlotte5,TypeI,
NcMecklenburgCharlotte6,HHW,
NcMecklenburgCharlotte7,MSW,
NcMecklenburgCharlotte8,LCID,
NcMecklenburgCharlotte9,MSW,
NcMecklenburgHuntersville1,Indus,
NcMecklenburgHuntersville2,CD,
NcMecklenburgHuntersville3,HHW,
NcMecklenburgHuntersville4,YW,
NcMecklenburgHuntersville5,TypeIII,
NcMecklenburgHuntersville6,LCID,
NcMecklenburgHuntersville7,LCID,
NcMecklenburgHuntersville8,LCID,
NcMecklenburgPineville,YW,
NcMontgomeryMountGilead1,MSW,
NcMontgomeryMountGilead2,MSW,
NcMontgomeryTroy,YW,
NcMooreAberdeen1,CD,
NcMooreAberdeen2,MSW,
NcMooreAberdeen3,HHW,
NcNashNashville1,CD,
NcNashNashville2,TypeII,
NcNashRockyMount1,MSW,
NcNashRockyMount2,TypeI,
NcNewHanoverWilmington1,YW,
NcNewHanoverWilmington2,MSW,
NcNewHanoverWilmington3,MSW,
NcNewHanoverWilmington4,CD,
NcNewHanoverWilmington5,HHW,
NcNewHanoverWilmington6,MSW,
NcNewHanoverWilmington7,LCID,
NcNewHanoverWilmington8,Indus,
NcOnslowCampLejeune1,MSW,
NcOnslowCampLejeune2,TypeIII,
NcOnslowCampLejeune3,LCID,
NcOnslowHollyRidge,CD,
NcOnslowJacksonville1,LCID,
NcOnslowJacksonville2,MSW,
NcOnslowJacksonville3,LCID,
NcOnslowJacksonville4,LCID,
NcOnslowJacksonville5,LCID,
NcOnslowJacksonville6,LCID,
NcOnslowJacksonville7,LCID,
"NcPamlicoGrantsboro,NC",MSW,
NcPasquotankElizabethCity1,CD,
NcPasquotankElizabethCity2,MSW,
NcPenderHampstead,MSW,
NcPenderRockyPoint,LCID,
NcPerquimansBelvidere,MSW,
NcPersonRougemont,MSW,
NcPersonRoxboro1,Indus,
NcPersonRoxboro2,AutoTires,
NcPersonSemora,Indus,
NcPersonSemora,LCID,
NcPittGreenville1,CD,
NcPittGreenville2,MSW,
NcPittGreenville3,MSW,
NcPittGreenville4,CD,
NcPittGreenville5,LCID,
NcPittGreenville6,LCID,
NcPolkMillSpringN.C.,MSW,
NcRandolphAsheboro,TypeI,
NcRandolphAsheboro1,TypeIII,
NcRandolphAsheboro2,MSW,
NcRandolphAsheboro3,CD,
NcRandolphRandleman1,Indus,
NcRandolphRandleman2,MSW,
NcRichmondHamlet,LCID,
NcRichmondRockingham,MSW,
NcRobesonLumberton,LCID,
NcRobesonSaintPauls1,CD,
NcRobesonSaintPauls2,MSW,
NcRockinghamEden1,HHW,
NcRockinghamEden2,MSW,
NcRockinghamEden3,Indus,
NcRockinghamMadison,MSW,
NcRockinghamReidsville1,MSW,
NcRockinghamReidsville2,TypeI,
NcRowanEastSpencer,MSW,
NcRowanSalisbury,TypeI,
NcRowanWoodleaf,MSW,
NcRutherfordMooresboro,Indus,
NcRutherfordRutherfordton1,CD,
NcRutherfordRutherfordton2,MSW,
NcRutherfordRutherfordton3,MSW,
NcSampsonGodwin,TypeIII,
NcSampsonRoseboro1,CD,
NcSampsonRoseboro2,MSW,
NcScotlandMaxton1,CD,
NcScotlandMaxton2,MSW,
NcStanlyAlbemarle1,CD,
NcStanlyAlbemarle2,MSW,
NcStokesBelewsCreek1,Indus,
NcStokesBelewsCreek2,Indus,
NcSurryMountAiry,MSW,
NcSurryPilotMountain,AutoTires,
NcSwainbrysoncity1,MSW,
NcSwainbrysoncity2,LCID,
NcTransylvaniaBrevard1,HHW,
NcTransylvaniaBrevard2,LCID,
NcTransylvaniaBrevard3,MSW,
NcUnionMonroe1,LCID,
NcUnionMonroe2,MSW,
NcUnionWingate1,CD,
NcUnionWingate2,MSW,
NcVanceHenderson,MSW,
NcWakeApex1,HHW,
NcWakeApex2,MSW,
NcWakeApex3,CD,
NcWakeApex4,CD,
NcWakeApex5,TypeI,
NcWakeApex6,CD,
NcWakeApex7,LCID,
NcWakeCary,MSW,
NcWakeGarner,MSW,
NcWakeHollySprings,CD,
NcWakeMorrisville1,MSW,
NcWakeMorrisville2,MSW,
NcWakeRaleigh1,TypeI,
NcWakeRaleigh10,TypeIII,
NcWakeRaleigh11,CD,
NcWakeRaleigh12,LCID,
NcWakeRaleigh13,LCID,
NcWakeRaleigh2,HHW,
NcWakeRaleigh3,LCID,
NcWakeRaleigh4,LCID,
NcWakeRaleigh5,MatRecovery,
NcWakeRaleigh6,CD,
NcWakeRaleigh7,CD,
NcWakeRaleigh8,MSW,
NcWakeRaleigh9,CD,
NcWakeWendell1,CD,
NcWakeWendell2,CD,
NcWakeZebulon,HHW,
NcWarrenWarrenton,MSW,
NcWashingtonPlymouth,Indus,
NcWashingtonRoper,CD,
NcWataugaBoone1,LCID,
NcWataugaBoone2,HHW,
NcWataugaBoone3,MSW,
NcWataugaBoone4,TypeIII,
NcWataugaBoone5,TypeIII,
NcWayneDUDLEY1,CD,
NcWayneDUDLEY2,MSW,
NcWayneGoldsboro,MSW,
NcWilkesNorthWilkesboro,Indus,
NcWilkesRoaringRiver,MSW,
NcWilsonStantonsburg,TypeIII,
NcWilsonWilson1,MSW,
NcWilsonWilson2,MSW,
NcWilsonWilson3,CD,
NcYadkinYadkinville,MSW,
NcYanceyBurnsville,MSW,
